5.119049096631438610e-03,4.799150864640916447e-03,5.119049097479881454e-03,4.799150865489359291e-03,1.294885894022167671e-03,1.345776049145859391e-03,1.300648811749691288e-03,1.346144487765226286e-03,2.523509058973117357e-03,2.107224520982426460e-03,5.331886462861757297e-09,5.806747403913482499e-09,0.000000000000000000e+00,0.000000000000000000e+00,8.484429100050890099e-13,8.484429100050890099e-13
nan,nan,nan,nan,3.518135572387891025e-04,4.383112735627910572e-04,3.817398843867847512e-04,4.656468741380511756e-04,nan,nan,3.429436612823458695e-09,3.881801537999433300e-09,0.000000000000000000e+00,0.000000000000000000e+00,8.720996992402205904e-13,8.720996992402205904e-13
nan,nan,nan,nan,6.973282266874453064e-05,9.934736128468685560e-05,3.632867898378369948e+221,inf,nan,nan,2.233783239227074652e-09,2.807832760044791109e-09,0.000000000000000000e+00,0.000000000000000000e+00,8.950085955475433782e-13,8.950085955475433782e-13
nan,nan,nan,nan,1.958787507607770163e-05,2.470466003489150435e-05,7.129563344930822824e+259,inf,nan,nan,1.668518052906586675e-09,1.649986193567199219e-09,0.000000000000000000e+00,0.000000000000000000e+00,9.053988115533519498e-13,9.053988115533519498e-13
nan,nan,nan,nan,4.861153544822104107e-06,4.587466638173203855e-06,inf,inf,nan,nan,5.090856240779237779e-10,6.902500906621511087e-10,0.000000000000000000e+00,0.000000000000000000e+00,9.104004531367081572e-13,9.104004531367081572e-13
nan,nan,nan,nan,1.216626063289628009e-06,1.621417889698139843e-06,inf,inf,nan,nan,3.756860896867613605e-10,4.833982439296775506e-10,0.000000000000000000e+00,0.000000000000000000e+00,9.120879494019223982e-13,9.120879494019223982e-13
nan,nan,nan,nan,1.368425521323694736e-06,1.147595432126452045e-06,inf,inf,nan,nan,4.756449204788260297e-10,5.450893111289916801e-10,0.000000000000000000e+00,0.000000000000000000e+00,9.126703916453768749e-13,9.126703916453768749e-13
nan,nan,nan,nan,6.917759284836285129e-07,7.484707424231234202e-07,inf,inf,nan,nan,3.854227266164438747e-10,5.108573174432125257e-10,0.000000000000000000e+00,0.000000000000000000e+00,9.129424130319764164e-13,9.129424130319764164e-13
nan,nan,nan,nan,6.837543100635770049e-07,5.861283150781705502e-07,4.440519025539471775e+246,inf,nan,nan,4.236945805949568355e-10,4.970036696039637604e-10,0.000000000000000000e+00,0.000000000000000000e+00,9.133236802459367235e-13,9.133236802459367235e-13
nan,nan,nan,nan,5.476362789782609530e-07,5.030381783699931944e-07,inf,inf,nan,nan,4.624880728838608851e-10,5.263450503862333972e-10,0.000000000000000000e+00,0.000000000000000000e+00,9.136068536391051529e-13,9.136068536391051529e-13
nan,nan,nan,nan,3.435364749493803473e-07,3.947054977302117407e-07,inf,inf,nan,nan,3.904091976710206688e-10,5.025450469767617334e-10,0.000000000000000000e+00,0.000000000000000000e+00,9.138698524086297206e-13,9.138698524086297206e-13
nan,nan,nan,nan,2.809513742700992646e-07,3.168060210164088892e-07,inf,inf,nan,nan,4.728610935083642021e-10,5.042641465131425022e-10,0.000000000000000000e+00,0.000000000000000000e+00,9.140936445568463065e-13,9.140936445568463065e-13
nan,nan,nan,nan,2.375259665200733737e-07,2.631009739397720991e-07,4.772451558978437184e+181,inf,nan,nan,3.679825304214882320e-10,4.871790267829927386e-10,0.000000000000000000e+00,0.000000000000000000e+00,9.142945797029714712e-13,9.142945797029714712e-13
nan,nan,nan,nan,2.610040406975004625e-07,2.063415245670318098e-07,inf,inf,nan,nan,4.202150182907695763e-10,4.863815929541763786e-10,0.000000000000000000e+00,0.000000000000000000e+00,9.145640511190344169e-13,9.145640511190344169e-13
nan,nan,nan,nan,1.401148333918006061e-07,1.723195799805129042e-07,inf,inf,nan,nan,4.667055747598810178e-10,4.918497812171619067e-10,0.000000000000000000e+00,0.000000000000000000e+00,9.147752101283848604e-13,9.147752101283848604e-13
nan,nan,nan,nan,1.394961955109579478e-07,1.452899495444045390e-07,inf,inf,nan,nan,4.251056479815558509e-10,4.816189585447103947e-10,0.000000000000000000e+00,0.000000000000000000e+00,9.149188182660692794e-13,9.149188182660692794e-13
nan,nan,nan,nan,1.100621001585324618e-07,1.137754233594278405e-07,inf,inf,nan,nan,4.479740445725220364e-10,4.746399703899739871e-10,0.000000000000000000e+00,0.000000000000000000e+00,9.151481041390489208e-13,9.151481041390489208e-13
nan,nan,nan,nan,8.311301656114159576e-08,9.512608820662070657e-08,2.723863739745999662e+265,inf,nan,nan,3.440918326552841274e-10,4.783155902251258466e-10,0.000000000000000000e+00,0.000000000000000000e+00,9.153542880081883689e-13,9.153542880081883689e-13
nan,nan,nan,nan,7.284064696387231124e-08,8.313274211415034004e-08,inf,inf,nan,nan,3.443930421510028782e-10,4.703666009348103056e-10,0.000000000000000000e+00,0.000000000000000000e+00,9.154237210622324227e-13,9.154237210622324227e-13
nan,nan,nan,nan,7.372878016877612628e-08,6.943832351502265709e-08,inf,inf,nan,nan,4.100742041341382278e-10,4.724032693339972156e-10,0.000000000000000000e+00,0.000000000000000000e+00,9.155631162170030969e-13,9.155631162170030969e-13
nan,nan,nan,nan,5.713478822746013688e-08,6.218402997449169458e-08,inf,inf,nan,nan,4.474106119417872424e-10,4.705360722139538508e-10,0.000000000000000000e+00,0.000000000000000000e+00,9.156753025466616162e-13,9.156753025466616162e-13
nan,nan,nan,nan,5.230871648917166915e-08,5.931699555903815466e-08,inf,inf,nan,nan,3.818257246865654934e-10,4.680029425351166751e-10,0.000000000000000000e+00,0.000000000000000000e+00,9.157574395735265819e-13,9.157574395735265819e-13
nan,nan,nan,nan,4.687240822934200764e-08,5.167018731947140870e-08,5.154002685057232022e+266,inf,nan,nan,4.283109330704178154e-10,4.608977512002189963e-10,0.000000000000000000e+00,0.000000000000000000e+00,9.158609499759419287e-13,9.158609499759419287e-13
nan,nan,nan,nan,4.517637999318235989e-08,4.699383991187617357e-08,inf,inf,nan,nan,4.243687624098430747e-10,4.608528883985085065e-10,0.000000000000000000e+00,0.000000000000000000e+00,9.159517979487087856e-13,9.159517979487087856e-13
nan,nan,nan,nan,3.685558048958936576e-08,4.357946635134085474e-08,2.075259173574039954e+273,inf,nan,nan,3.860910147820550007e-10,4.586635126320554341e-10,0.000000000000000000e+00,0.000000000000000000e+00,9.160028024465150355e-13,9.160028024465150355e-13
nan,nan,nan,nan,3.498576041454259895e-08,4.053671758889368110e-08,3.690270556996865317e+242,inf,nan,nan,4.151139387082582132e-10,4.602732932105551140e-10,0.000000000000000000e+00,0.000000000000000000e+00,9.161069217868034437e-13,9.161069217868034437e-13
nan,nan,nan,nan,4.821935111527105868e-08,3.849250313256745538e-08,1.060872952304812733e+251,inf,nan,nan,4.165713837165309555e-10,4.523047581646225886e-10,0.000000000000000000e+00,0.000000000000000000e+00,9.161776948155666751e-13,9.161776948155666751e-13
nan,nan,nan,nan,3.523140741620708254e-08,3.739556884306730518e-08,inf,inf,nan,nan,4.127756683973105149e-10,4.558179945727767703e-10,0.000000000000000000e+00,0.000000000000000000e+00,9.162356277489524472e-13,9.162356277489524472e-13
nan,nan,nan,nan,2.909783032134056901e-08,3.383695304974450667e-08,1.231741667675839347e+80,inf,nan,nan,3.881723473821164005e-10,4.523959927421527233e-10,0.000000000000000000e+00,0.000000000000000000e+00,9.162480329104856463e-13,9.162480329104856463e-13
nan,nan,nan,nan,2.352770192229904553e-08,3.219591325206547219e-08,inf,inf,nan,nan,3.916720303664693410e-10,4.505159692531866520e-10,0.000000000000000000e+00,0.000000000000000000e+00,9.162920689382856834e-13,9.162920689382856834e-13
nan,nan,nan,nan,3.050404209120722384e-08,2.982131171475166235e-08,inf,inf,nan,nan,3.108956028119488196e-10,4.474329911576630037e-10,0.000000000000000000e+00,0.000000000000000000e+00,9.163245427824251430e-13,9.163245427824251430e-13
nan,nan,nan,nan,2.640859318887647329e-08,2.939815517669525441e-08,4.053512682133491461e+261,inf,nan,nan,4.101110267154182275e-10,4.458287040589863803e-10,0.000000000000000000e+00,0.000000000000000000e+00,9.163756460267513136e-13,9.163756460267513136e-13
nan,nan,nan,nan,1.914920488427171560e-08,2.790299254522683556e-08,inf,inf,nan,nan,3.781398546051743111e-10,4.467872684292728386e-10,0.000000000000000000e+00,0.000000000000000000e+00,9.164149613173213201e-13,9.164149613173213201e-13
nan,nan,nan,nan,2.846079474954554942e-08,2.637455046896478254e-08,inf,inf,nan,nan,4.023346114073076636e-10,4.434940301295834763e-10,0.000000000000000000e+00,0.000000000000000000e+00,9.164600694457751709e-13,9.164600694457751709e-13
nan,nan,nan,nan,1.996932356106549755e-08,2.719135565250603976e-08,inf,inf,nan,nan,3.753352103564419815e-10,4.455038579860612866e-10,0.000000000000000000e+00,0.000000000000000000e+00,9.165228881798407493e-13,9.165228881798407493e-13
nan,nan,nan,nan,1.987240453212480889e-08,2.475070961163996099e-08,inf,inf,nan,nan,3.755100409537721797e-10,4.398417544113247307e-10,0.000000000000000000e+00,0.000000000000000000e+00,9.165518429517988012e-13,9.165518429517988012e-13
nan,nan,nan,nan,1.839821082495646730e-08,2.369605078466674047e-08,inf,inf,nan,nan,3.901029785072964045e-10,4.414853380800831573e-10,0.000000000000000000e+00,0.000000000000000000e+00,9.165675002326095818e-13,9.165675002326095818e-13
nan,nan,nan,nan,1.604424191615066237e-08,2.215639620817626403e-08,inf,inf,nan,nan,3.649266259378702099e-10,4.344431508157932536e-10,0.000000000000000000e+00,0.000000000000000000e+00,9.166194268665997530e-13,9.166194268665997530e-13
nan,nan,nan,nan,2.751524842666933360e-08,2.148745958258688861e-08,3.980049436128747804e+192,inf,nan,nan,4.189458463364129894e-10,4.366765282993194893e-10,0.000000000000000000e+00,0.000000000000000000e+00,9.166293924100572306e-13,9.166293924100572306e-13
nan,nan,nan,nan,1.957809929766211155e-08,2.001353879379345704e-08,inf,inf,nan,nan,4.197555560321390688e-10,4.307441210847714316e-10,0.000000000000000000e+00,0.000000000000000000e+00,9.166580303908630015e-13,9.166580303908630015e-13
nan,nan,nan,nan,2.033103155086212850e-08,1.959112080979068376e-08,inf,inf,nan,nan,4.144059621482751255e-10,4.341762998029617557e-10,0.000000000000000000e+00,0.000000000000000000e+00,9.166914069185041153e-13,9.166914069185041153e-13
nan,nan,nan,nan,1.775863747224507851e-08,1.927214058052856934e-08,1.706580465233134362e+160,inf,nan,nan,3.365962480754548583e-10,4.272663686990514072e-10,0.000000000000000000e+00,0.000000000000000000e+00,9.167516694838312412e-13,9.167516694838312412e-13
nan,nan,nan,nan,1.619904441307677845e-08,1.811456059885618389e-08,inf,inf,nan,nan,3.413496998764748159e-10,4.326703716953891354e-10,0.000000000000000000e+00,0.000000000000000000e+00,9.167718846448340682e-13,9.167718846448340682e-13
nan,nan,nan,nan,1.204965741803220021e-08,1.731740458899150859e-08,1.741412776782246203e+188,inf,nan,nan,4.032736095954037289e-10,4.281760281045363679e-10,0.000000000000000000e+00,0.000000000000000000e+00,9.168010860704393567e-13,9.168010860704393567e-13
nan,nan,nan,nan,1.536839061101556866e-08,1.886779192168574292e-08,inf,inf,nan,nan,3.845339577187530982e-10,4.270854660542319532e-10,0.000000000000000000e+00,0.000000000000000000e+00,9.168319249051896150e-13,9.168319249051896150e-13
nan,nan,nan,nan,1.381683676909642627e-08,1.950808807380963044e-08,inf,inf,nan,nan,3.312912726920481078e-10,4.199966804357870712e-10,0.000000000000000000e+00,0.000000000000000000e+00,9.168779972269441275e-13,9.168779972269441275e-13
nan,nan,nan,nan,1.721767228788185579e-08,1.553617058655338744e-08,inf,inf,nan,nan,4.108680251238374059e-10,4.269201343524483181e-10,0.000000000000000000e+00,0.000000000000000000e+00,9.168768875900241981e-13,9.168768875900241981e-13
nan,nan,nan,nan,1.116699907719209409e-08,1.543159507077523957e-08,inf,inf,nan,nan,3.809126751474404521e-10,4.275176743143255588e-10,0.000000000000000000e+00,0.000000000000000000e+00,9.169115397572103512e-13,9.169115397572103512e-13
nan,nan,nan,nan,1.391799371257102336e-08,1.467844420513318853e-08,1.356991946999050249e+195,inf,nan,nan,3.571738700404928084e-10,4.212296123583099403e-10,0.000000000000000000e+00,0.000000000000000000e+00,9.169351975265007413e-13,9.169351975265007413e-13
nan,nan,nan,nan,1.457799546655206036e-08,1.701142176011835833e-08,inf,inf,nan,nan,3.939289867536030261e-10,4.206001286776223219e-10,0.000000000000000000e+00,0.000000000000000000e+00,9.169728555632883399e-13,9.169728555632883399e-13
nan,nan,nan,nan,1.562127765688182312e-08,1.301288461020545999e-08,inf,inf,nan,nan,3.551340860860729886e-10,4.221008399075227474e-10,0.000000000000000000e+00,0.000000000000000000e+00,9.169943672575395999e-13,9.169943672575395999e-13
nan,nan,nan,nan,9.964330319777709933e-09,1.264215712084711080e-08,inf,inf,nan,nan,3.976082072985539783e-10,4.223937980178241491e-10,0.000000000000000000e+00,0.000000000000000000e+00,9.170155717685815105e-13,9.170155717685815105e-13
nan,nan,nan,nan,1.237157914094310904e-08,1.209281877424590663e-08,inf,inf,nan,nan,3.681365465709424357e-10,4.218008183206621743e-10,0.000000000000000000e+00,0.000000000000000000e+00,9.170410883031345367e-13,9.170410883031345367e-13
nan,nan,nan,nan,7.150645272676426971e-09,1.167304102675383131e-08,inf,inf,nan,nan,3.456239030468275496e-10,4.208396716402608922e-10,0.000000000000000000e+00,0.000000000000000000e+00,9.170681038618681453e-13,9.170681038618681453e-13
nan,nan,nan,nan,9.521017890436743689e-09,1.179113869034586659e-08,1.582950712213309944e+285,inf,nan,nan,3.878636562096201132e-10,4.183608525080951137e-10,0.000000000000000000e+00,0.000000000000000000e+00,9.171043395323814318e-13,9.171043395323814318e-13
nan,nan,nan,nan,1.009374238306936966e-08,1.146791011545176691e-08,2.725871102687268472e+120,inf,nan,nan,2.959317557967278463e-10,4.187066152603263647e-10,0.000000000000000000e+00,0.000000000000000000e+00,9.171118384085268054e-13,9.171118384085268054e-13
nan,nan,nan,nan,9.738440757536512002e-09,1.082316549276638183e-08,inf,inf,nan,nan,3.643975368674844475e-10,4.178584085116401639e-10,0.000000000000000000e+00,0.000000000000000000e+00,9.171308782118058529e-13,9.171308782118058529e-13
nan,nan,nan,nan,1.279429054574421639e-08,1.528086216609212835e-08,inf,inf,nan,nan,3.581884690556621670e-10,4.227530253976670751e-10,0.000000000000000000e+00,0.000000000000000000e+00,9.171749556181406934e-13,9.171749556181406934e-13
nan,nan,nan,nan,1.088122543216455814e-08,1.121104568560423164e-08,1.637711528874061722e+170,inf,nan,nan,3.126262734036274823e-10,4.117286695609818038e-10,0.000000000000000000e+00,0.000000000000000000e+00,9.171837543917555994e-13,9.171837543917555994e-13
nan,nan,nan,nan,5.884812447490073485e-09,9.882129871028470998e-09,inf,inf,nan,nan,3.851843645414993320e-10,4.128015775161554657e-10,0.000000000000000000e+00,0.000000000000000000e+00,9.172132421435790420e-13,9.172132421435790420e-13
nan,nan,nan,nan,8.418347173359552696e-09,9.681910643999227261e-09,inf,inf,nan,nan,3.856428999488092227e-10,4.138721542436700158e-10,0.000000000000000000e+00,0.000000000000000000e+00,9.172187039699037670e-13,9.172187039699037670e-13
nan,nan,nan,nan,6.441826215580653977e-09,9.034476888137179347e-09,inf,inf,nan,nan,3.279284244338394746e-10,4.139564181089112763e-10,0.000000000000000000e+00,0.000000000000000000e+00,9.172529483723729461e-13,9.172529483723729461e-13
nan,nan,nan,nan,6.552607959901327062e-09,9.572952748550375656e-09,inf,inf,nan,nan,3.271385128930515780e-10,4.151311622719616090e-10,0.000000000000000000e+00,0.000000000000000000e+00,9.172674456737556610e-13,9.172674456737556610e-13
nan,nan,nan,nan,6.013354191835098094e-09,1.092987518439060638e-08,1.675019617832307201e+215,inf,nan,nan,3.679051614013613885e-10,4.174574133566724201e-10,0.000000000000000000e+00,0.000000000000000000e+00,9.172868509404857987e-13,9.172868509404857987e-13
nan,nan,nan,nan,1.080304499303072240e-08,1.123734535479209225e-08,2.630046023105412898e+107,inf,nan,nan,3.430921691339144985e-10,4.085799901203862186e-10,0.000000000000000000e+00,0.000000000000000000e+00,9.172963901659619913e-13,9.172963901659619913e-13
nan,nan,nan,nan,7.161252380369348667e-09,9.923898051856504134e-09,inf,inf,nan,nan,3.438935640274340171e-10,4.121297829716944354e-10,0.000000000000000000e+00,0.000000000000000000e+00,9.173175940216450200e-13,9.173175940216450200e-13
nan,nan,nan,nan,6.014299010303240420e-09,8.350390513916768594e-09,1.537982105103209815e+121,inf,nan,nan,3.117586730100732708e-10,4.105311615914745353e-10,0.000000000000000000e+00,0.000000000000000000e+00,9.173323361950606121e-13,9.173323361950606121e-13
nan,nan,nan,nan,5.348884441649943428e-09,8.185778804895246868e-09,1.301009072578900733e+267,inf,nan,nan,3.584544590794968737e-10,4.104955293772257163e-10,0.000000000000000000e+00,0.000000000000000000e+00,9.173769096143676191e-13,9.173769096143676191e-13
nan,nan,nan,nan,6.939802851035592533e-09,1.048918599570145194e-08,inf,inf,nan,nan,3.790216753836659791e-10,4.056094212767891126e-10,0.000000000000000000e+00,0.000000000000000000e+00,9.173863421551128806e-13,9.173863421551128806e-13
nan,nan,nan,nan,6.260147097746429184e-09,7.558152597801760495e-09,inf,inf,nan,nan,3.573716812517350587e-10,4.086131077946189209e-10,0.000000000000000000e+00,0.000000000000000000e+00,9.174091204290503468e-13,9.174091204290503468e-13
nan,nan,nan,nan,6.064842704565220088e-09,7.430079832955689537e-09,inf,inf,nan,nan,3.196998203996708902e-10,4.076555849011336624e-10,0.000000000000000000e+00,0.000000000000000000e+00,9.174231282543911931e-13,9.174231282543911931e-13
nan,nan,nan,nan,5.082425721571170177e-09,7.226307132250215272e-09,inf,inf,nan,nan,3.390142949009633764e-10,4.061549746726046767e-10,0.000000000000000000e+00,0.000000000000000000e+00,9.174402738468469493e-13,9.174402738468469493e-13
nan,nan,nan,nan,4.475337975190456838e-09,7.796214314580927343e-09,2.787464320384619568e+241,inf,nan,nan,2.842680630582266045e-10,4.118553074109564326e-10,0.000000000000000000e+00,0.000000000000000000e+00,9.174516398245542560e-13,9.174516398245542560e-13
nan,nan,nan,nan,3.910055408075292229e-09,6.911698593044780027e-09,1.646879438781101214e+193,inf,nan,nan,3.244471289832000572e-10,4.079277595464858794e-10,0.000000000000000000e+00,0.000000000000000000e+00,9.174725888506017700e-13,9.174725888506017700e-13
nan,nan,nan,nan,3.913897993106065929e-09,6.152981242178776080e-09,6.965185424090729687e+184,inf,nan,nan,3.485371719973518992e-10,4.045840495586878847e-10,0.000000000000000000e+00,0.000000000000000000e+00,9.174867264877809528e-13,9.174867264877809528e-13
nan,nan,nan,nan,4.105001407784291331e-09,6.251981173933251872e-09,inf,inf,nan,nan,3.395766422304267133e-10,4.042531641899147919e-10,0.000000000000000000e+00,0.000000000000000000e+00,9.175211670931830626e-13,9.175211670931830626e-13
nan,nan,nan,nan,6.336569680496276510e-09,9.170957444765110103e-09,5.835379265777111108e+180,inf,nan,nan,2.946058849524294121e-10,4.075741791304587223e-10,0.000000000000000000e+00,0.000000000000000000e+00,9.175186589009330628e-13,9.175186589009330628e-13
nan,nan,nan,nan,3.836691037626184369e-09,7.532089508698943621e-09,inf,inf,nan,nan,3.356221747265747202e-10,4.050967369248110908e-10,0.000000000000000000e+00,0.000000000000000000e+00,9.175508703433986195e-13,9.175508703433986195e-13
nan,nan,nan,nan,3.861238866648396019e-09,5.764350534580303300e-09,4.809114800138768283e+160,inf,nan,nan,3.320446271642137952e-10,4.022549343312187290e-10,0.000000000000000000e+00,0.000000000000000000e+00,9.175534914620879569e-13,9.175534914620879569e-13
nan,nan,nan,nan,5.674742038575273397e-09,5.840493513973288126e-09,3.853816912960388571e+170,inf,nan,nan,3.796476056439588234e-10,4.036768616627143201e-10,0.000000000000000000e+00,0.000000000000000000e+00,9.175959923452267493e-13,9.175959923452267493e-13
nan,nan,nan,nan,5.160074271204678282e-09,5.866423739541916276e-09,4.730497492493903315e+94,inf,nan,nan,3.581893188485062722e-10,3.992822590174168388e-10,0.000000000000000000e+00,0.000000000000000000e+00,9.175922882718578994e-13,9.175922882718578994e-13
nan,nan,nan,nan,9.046937856412334636e-09,9.820122706867298766e-09,inf,inf,nan,nan,3.641718074527052061e-10,4.076109726716110687e-10,0.000000000000000000e+00,0.000000000000000000e+00,9.176291143641051189e-13,9.176291143641051189e-13
nan,nan,nan,nan,1.022892074214048272e-08,1.213084293339005279e-08,inf,inf,nan,nan,3.616210669322313829e-10,3.930197956628921723e-10,0.000000000000000000e+00,0.000000000000000000e+00,9.176138246251025527e-13,9.176138246251025527e-13
nan,nan,nan,nan,5.043958776064272129e-09,6.168683757878910015e-09,7.146323568000868665e+219,inf,nan,nan,3.388916619861552667e-10,4.017267406450610039e-10,0.000000000000000000e+00,0.000000000000000000e+00,9.176471523553982112e-13,9.176471523553982112e-13
nan,nan,nan,nan,3.589863618392459105e-09,5.346800863698104373e-09,inf,inf,nan,nan,3.283213265523480056e-10,4.003416843625308770e-10,0.000000000000000000e+00,0.000000000000000000e+00,9.176479643119973614e-13,9.176479643119973614e-13
nan,nan,nan,nan,8.030994829302237176e-09,5.242016872712115925e-09,3.258567011210820371e+292,inf,nan,nan,3.222419239985193105e-10,3.982384522624333092e-10,0.000000000000000000e+00,0.000000000000000000e+00,9.176709476534435063e-13,9.176709476534435063e-13
nan,nan,nan,nan,3.282397883247852942e-09,5.344399415601096694e-09,6.617103158468565383e+165,inf,nan,nan,3.580258344937170846e-10,3.981888221808943724e-10,0.000000000000000000e+00,0.000000000000000000e+00,9.176859378402690833e-13,9.176859378402690833e-13
nan,nan,nan,nan,6.333264193848812204e-09,5.007538310900630918e-09,inf,inf,nan,nan,3.581542072214367710e-10,3.983421246437177455e-10,0.000000000000000000e+00,0.000000000000000000e+00,9.177046807848434781e-13,9.177046807848434781e-13
nan,nan,nan,nan,4.264250214507386090e-09,5.493761042185245267e-09,inf,inf,nan,nan,3.847102192019884187e-10,4.003373017400046649e-10,0.000000000000000000e+00,0.000000000000000000e+00,9.177152078536482587e-13,9.177152078536482587e-13
nan,nan,nan,nan,4.233172680359824104e-09,5.895566061352970490e-09,1.299819915718992229e+186,inf,nan,nan,3.453267883908574365e-10,3.942753009331969997e-10,0.000000000000000000e+00,0.000000000000000000e+00,9.177316953510041745e-13,9.177316953510041745e-13
nan,nan,nan,nan,2.939139378951576258e-09,4.573386013680747213e-09,inf,inf,nan,nan,3.801345899207677136e-10,3.959686412149719509e-10,0.000000000000000000e+00,0.000000000000000000e+00,9.177374416552244956e-13,9.177374416552244956e-13
nan,nan,nan,nan,7.536339563103876297e-09,6.107592044225183135e-09,1.294488981933220855e+237,inf,nan,nan,2.887658704815046090e-10,3.931397904258122558e-10,0.000000000000000000e+00,0.000000000000000000e+00,9.177358130595154790e-13,9.177358130595154790e-13
nan,nan,nan,nan,5.372582028389872069e-09,6.220758847447529883e-09,inf,inf,nan,nan,3.478663312329807363e-10,3.928351489408371686e-10,0.000000000000000000e+00,0.000000000000000000e+00,9.177484304669874246e-13,9.177484304669874246e-13
nan,nan,nan,nan,4.158261411252056501e-09,5.841866991131339310e-09,inf,inf,nan,nan,3.544364654618974870e-10,4.000454882502205946e-10,0.000000000000000000e+00,0.000000000000000000e+00,9.177502247133152049e-13,9.177502247133152049e-13
nan,nan,nan,nan,3.010032252820416734e-09,4.582560010433151253e-09,1.669681681921739239e+266,inf,nan,nan,3.559269156524312006e-10,3.973102875983559983e-10,0.000000000000000000e+00,0.000000000000000000e+00,9.177773885596024708e-13,9.177773885596024708e-13
nan,nan,nan,nan,2.464054654116980292e-09,4.045327957463604652e-09,inf,inf,nan,nan,3.221514881087878989e-10,3.949936883636157313e-10,0.000000000000000000e+00,0.000000000000000000e+00,9.177780481397150677e-13,9.177780481397150677e-13
nan,nan,nan,nan,9.248866354253101534e-09,1.005766527941114432e-08,inf,inf,nan,nan,3.557103595765374027e-10,3.893517865455904849e-10,0.000000000000000000e+00,0.000000000000000000e+00,9.177964491650552366e-13,9.177964491650552366e-13
nan,nan,nan,nan,6.365016229235127559e-09,6.779665366876840498e-09,inf,inf,nan,nan,3.316529649907397249e-10,3.907465971136573447e-10,0.000000000000000000e+00,0.000000000000000000e+00,9.177988380184139640e-13,9.177988380184139640e-13
nan,nan,nan,nan,4.464574187160216033e-09,4.370059090961112303e-09,inf,inf,nan,nan,3.612767151613154857e-10,3.939647254674292269e-10,0.000000000000000000e+00,0.000000000000000000e+00,9.178097273403372469e-13,9.178097273403372469e-13
nan,nan,nan,nan,8.446840507843622612e-09,9.941882023815396118e-09,inf,inf,nan,nan,3.618829636025958866e-10,4.032549414877585827e-10,0.000000000000000000e+00,0.000000000000000000e+00,9.178234133627170387e-13,9.178234133627170387e-13
nan,nan,nan,nan,5.162393643618919397e-09,6.792560062799934637e-09,3.348324725217566307e+215,inf,nan,nan,2.862741563727058501e-10,3.892902442998272965e-10,0.000000000000000000e+00,0.000000000000000000e+00,9.178172505387004134e-13,9.178172505387004134e-13
nan,nan,nan,nan,5.197443256058808469e-09,4.769778945550670469e-09,1.438772017580094200e+256,inf,nan,nan,3.611880231437897088e-10,3.945660977508898253e-10,0.000000000000000000e+00,0.000000000000000000e+00,9.178339226818788215e-13,9.178339226818788215e-13
nan,nan,nan,nan,3.675623918139951071e-09,5.492927109793544532e-09,1.436766081189146511e+230,inf,nan,nan,3.521956416638731813e-10,3.919445607636917490e-10,0.000000000000000000e+00,0.000000000000000000e+00,9.178311976438477409e-13,9.178311976438477409e-13
nan,nan,nan,nan,2.685572647105423183e-09,4.197549075274425813e-09,3.473086151921668820e+83,inf,nan,nan,3.696021287281065371e-10,3.938218899393749335e-10,0.000000000000000000e+00,0.000000000000000000e+00,9.178449106204447735e-13,9.178449106204447735e-13
nan,nan,nan,nan,2.557091838591941143e-09,3.773201022484190628e-09,inf,inf,nan,nan,3.462790765005025110e-10,3.939346012076784433e-10,0.000000000000000000e+00,0.000000000000000000e+00,9.178491984899744352e-13,9.178491984899744352e-13
nan,nan,nan,nan,3.892936487152756111e-09,5.400465125581830738e-09,inf,inf,nan,nan,3.544640433490014308e-10,3.962427678669182345e-10,0.000000000000000000e+00,0.000000000000000000e+00,9.178521034518826274e-13,9.178521034518826274e-13
nan,nan,nan,nan,3.057305393790568476e-08,2.927256706503491284e-08,5.534472759039126563e+180,inf,nan,nan,3.142576886050470159e-10,3.827281207933424954e-10,0.000000000000000000e+00,0.000000000000000000e+00,9.178599547260126819e-13,9.178599547260126819e-13
nan,nan,nan,nan,2.905626021689519377e-09,3.895296733085130663e-09,inf,inf,nan,nan,3.473138960771405253e-10,3.899551054507642957e-10,0.000000000000000000e+00,0.000000000000000000e+00,9.178634587571283603e-13,9.178634587571283603e-13
nan,nan,nan,nan,3.639291585530853168e-09,4.622678190496797652e-09,6.954960628355297389e+291,inf,nan,nan,3.467906243558178897e-10,3.902327976606828927e-10,0.000000000000000000e+00,0.000000000000000000e+00,9.178669483452785616e-13,9.178669483452785616e-13
nan,nan,nan,nan,1.270149248990808439e-08,1.281769241484308169e-08,2.306766182312710385e+267,inf,nan,nan,3.329030658982600494e-10,4.010421029306267122e-10,0.000000000000000000e+00,0.000000000000000000e+00,9.178834771294467445e-13,9.178834771294467445e-13
nan,nan,nan,nan,5.375908931539379696e-09,6.755208543392704022e-09,inf,inf,nan,nan,3.421776793421739741e-10,3.956498187478596368e-10,0.000000000000000000e+00,0.000000000000000000e+00,9.178802674262645179e-13,9.178802674262645179e-13
nan,nan,nan,nan,6.278456734802012958e-08,4.824685156505154055e-08,inf,inf,nan,nan,3.652359491473936376e-10,3.705390622751939769e-10,0.000000000000000000e+00,0.000000000000000000e+00,9.178942992467229041e-13,9.178942992467229041e-13
nan,nan,nan,nan,7.768740527747441070e-09,1.082670481292466577e-08,inf,inf,nan,nan,3.479731972214399645e-10,3.814681337008997082e-10,0.000000000000000000e+00,0.000000000000000000e+00,9.178673539185881056e-13,9.178673539185881056e-13
nan,nan,nan,nan,1.102228778582837658e-07,1.296133596113929500e-07,inf,inf,nan,nan,3.647304279514496212e-10,4.167870183320420208e-10,0.000000000000000000e+00,0.000000000000000000e+00,9.177832678840465299e-13,9.177832678840465299e-13
nan,nan,nan,nan,8.799007159961174997e-09,1.063884555112068224e-08,inf,inf,nan,nan,3.211477260443137874e-10,3.831242583196837289e-10,0.000000000000000000e+00,0.000000000000000000e+00,9.176927229568599069e-13,9.176927229568599069e-13
nan,nan,nan,nan,6.041445338644960678e-09,6.007520094965069054e-09,inf,inf,nan,nan,3.412601451415129663e-10,3.791025258134762381e-10,0.000000000000000000e+00,0.000000000000000000e+00,9.177157958900752251e-13,9.177157958900752251e-13
nan,nan,nan,nan,6.967695759870442394e-09,6.836238793124118224e-09,2.457325995314382011e+112,inf,nan,nan,3.503056117481904309e-10,3.858199840334836079e-10,0.000000000000000000e+00,0.000000000000000000e+00,9.177163711099511095e-13,9.177163711099511095e-13
nan,nan,nan,nan,1.056892887619754771e-08,1.109560193802259536e-08,inf,inf,nan,nan,3.381295068162454518e-10,3.792031654427344428e-10,0.000000000000000000e+00,0.000000000000000000e+00,9.177330611500284358e-13,9.177330611500284358e-13
nan,nan,nan,nan,2.962242712041301607e-09,3.764699462545135597e-09,inf,inf,nan,nan,3.229744187874057635e-10,3.811140014868814220e-10,0.000000000000000000e+00,0.000000000000000000e+00,9.177144271270445228e-13,9.177144271270445228e-13
nan,nan,nan,nan,1.318986109370274651e-08,1.272653052275877570e-08,inf,inf,nan,nan,3.532635821135985649e-10,3.758578952235280489e-10,0.000000000000000000e+00,0.000000000000000000e+00,9.177336054637386047e-13,9.177336054637386047e-13
nan,nan,nan,nan,5.861754455748734982e-09,6.636600119852254512e-09,inf,inf,nan,nan,2.998043834476998660e-10,3.822696034012648746e-10,0.000000000000000000e+00,0.000000000000000000e+00,9.177406647417061747e-13,9.177406647417061747e-13
nan,nan,nan,nan,6.440329901493157164e-09,7.148128786860921946e-09,4.845545548499736152e+228,inf,nan,nan,3.499452742221659424e-10,3.818598433906092191e-10,0.000000000000000000e+00,0.000000000000000000e+00,9.177197807897239978e-13,9.177197807897239978e-13
nan,nan,nan,nan,2.624910595455265371e-09,4.121611252341138458e-09,inf,inf,nan,nan,3.369884784547142670e-10,3.804312999801942968e-10,0.000000000000000000e+00,0.000000000000000000e+00,9.177202325915972718e-13,9.177202325915972718e-13
nan,nan,nan,nan,2.456589303981402968e-09,2.902517780780605441e-09,inf,inf,nan,nan,3.661369882942737242e-10,3.825168864592239607e-10,0.000000000000000000e+00,0.000000000000000000e+00,9.177348767209419491e-13,9.177348767209419491e-13
nan,nan,nan,nan,2.574137215948535687e-08,2.706713031929429909e-08,inf,inf,nan,nan,3.406137057790377576e-10,3.958649795937369332e-10,0.000000000000000000e+00,0.000000000000000000e+00,9.177570048075395950e-13,9.177570048075395950e-13
nan,nan,nan,nan,9.424361531484996806e-08,1.019579139231468854e-07,inf,inf,nan,nan,3.233093809009134989e-10,3.805470364869528145e-10,0.000000000000000000e+00,0.000000000000000000e+00,9.174389521528168859e-13,9.174389521528168859e-13
nan,nan,nan,nan,5.851208415604773812e-07,4.840889076298623234e-07,inf,inf,nan,nan,3.382398338555158011e-10,3.455839901355527753e-10,0.000000000000000000e+00,0.000000000000000000e+00,9.172158579573401990e-13,9.172158579573401990e-13
nan,nan,nan,nan,2.734722599306855656e-07,2.692706608572569927e-07,inf,inf,nan,nan,3.376595546030587540e-10,3.877364985387426082e-10,0.000000000000000000e+00,0.000000000000000000e+00,9.167748987938262148e-13,9.167748987938262148e-13
nan,nan,nan,nan,1.164077514230399672e-07,1.130205125352035447e-07,inf,inf,nan,nan,3.476303270382361724e-10,3.501625180370622170e-10,0.000000000000000000e+00,0.000000000000000000e+00,9.165885235363901298e-13,9.165885235363901298e-13
nan,nan,nan,nan,1.806682618471013194e-08,1.920943116200338441e-08,inf,inf,nan,nan,3.115835191240514951e-10,3.269973782402254317e-10,0.000000000000000000e+00,0.000000000000000000e+00,9.165687055093139457e-13,9.165687055093139457e-13
nan,nan,nan,nan,7.836924672078705481e-09,9.254090816508148213e-09,inf,inf,nan,nan,3.111840015193582539e-10,3.195717096125751028e-10,0.000000000000000000e+00,0.000000000000000000e+00,9.165572730184388870e-13,9.165572730184388870e-13
nan,nan,nan,nan,1.093021210307270372e-08,1.156249830234161225e-08,inf,inf,nan,nan,2.757474356945474263e-10,3.247889937630114084e-10,0.000000000000000000e+00,0.000000000000000000e+00,9.165630731786101299e-13,9.165630731786101299e-13
nan,nan,nan,nan,9.779140240978378099e-09,1.135740758955480787e-08,inf,inf,nan,nan,2.735493034895488735e-10,3.198768164762020450e-10,0.000000000000000000e+00,0.000000000000000000e+00,9.165734948258968172e-13,9.165734948258968172e-13
nan,nan,nan,nan,4.472234233743633334e-09,6.051126270022370376e-09,1.936752730047316675e+278,inf,nan,nan,2.820902422479247213e-10,3.297058466630793374e-10,0.000000000000000000e+00,0.000000000000000000e+00,9.165894666914377878e-13,9.165894666914377878e-13
nan,nan,nan,nan,3.052375486085903484e-09,4.017571539722748133e-09,inf,inf,nan,nan,3.112707619620925504e-10,3.248371678242501305e-10,0.000000000000000000e+00,0.000000000000000000e+00,9.165962091884419790e-13,9.165962091884419790e-13
nan,nan,nan,nan,7.238987781275108919e-09,7.070769591132216295e-09,4.244456278977870555e+68,inf,nan,nan,2.963885309490232972e-10,3.324814774065726786e-10,0.000000000000000000e+00,0.000000000000000000e+00,9.166102382599994556e-13,9.166102382599994556e-13
nan,nan,nan,nan,4.326659148317811763e-09,6.040090952039881020e-09,3.708574016964026047e+275,inf,nan,nan,2.957356558327480910e-10,3.240994420262743825e-10,0.000000000000000000e+00,0.000000000000000000e+00,9.166187316223743163e-13,9.166187316223743163e-13
nan,nan,nan,nan,2.343421259430699135e-09,3.114312623561490916e-09,inf,inf,nan,nan,2.991176186487729587e-10,3.262851776245083017e-10,0.000000000000000000e+00,0.000000000000000000e+00,9.166426094142395940e-13,9.166426094142395940e-13
nan,nan,nan,nan,3.008508155870702448e-09,3.820225267327411672e-09,inf,inf,nan,nan,2.919402834841505871e-10,3.260075929687267765e-10,0.000000000000000000e+00,0.000000000000000000e+00,9.166514582964730773e-13,9.166514582964730773e-13
nan,nan,nan,nan,2.566684822898984363e-09,3.060444160048637551e-09,inf,inf,nan,nan,2.081427704310959305e-10,3.281794460025990544e-10,0.000000000000000000e+00,0.000000000000000000e+00,9.166625851140659160e-13,9.166625851140659160e-13
nan,nan,nan,nan,2.924711691272418235e-09,4.626029689700533387e-09,4.902594464393413548e+206,inf,nan,nan,2.316075993864794671e-10,3.238090518594251395e-10,0.000000000000000000e+00,0.000000000000000000e+00,9.166929228664155209e-13,9.166929228664155209e-13
nan,nan,nan,nan,2.804774496695637010e-09,3.542701446251257815e-09,inf,inf,nan,nan,3.082172096461864967e-10,3.313197641586762399e-10,0.000000000000000000e+00,0.000000000000000000e+00,9.166972350707768739e-13,9.166972350707768739e-13
nan,nan,nan,nan,2.839651767149638631e-09,3.677140423196791876e-09,3.361058515508712036e+220,inf,nan,nan,3.070293734937984351e-10,3.306886035137882178e-10,0.000000000000000000e+00,0.000000000000000000e+00,9.167062097001197163e-13,9.167062097001197163e-13
nan,nan,nan,nan,2.331392839704829270e-09,2.964027178065226202e-09,inf,inf,nan,nan,2.912025815567753708e-10,3.287978814564626148e-10,0.000000000000000000e+00,0.000000000000000000e+00,9.167226946426091606e-13,9.167226946426091606e-13
nan,nan,nan,nan,3.584335154875064375e-09,4.037940325320165133e-09,inf,inf,nan,nan,2.582953857770225459e-10,3.321854512140196029e-10,0.000000000000000000e+00,0.000000000000000000e+00,9.167083828887525462e-13,9.167083828887525462e-13
nan,nan,nan,nan,1.772524776142969703e-09,2.712575842404543143e-09,3.985318762584673774e+104,inf,nan,nan,3.198479619926531746e-10,3.300853148902288006e-10,0.000000000000000000e+00,0.000000000000000000e+00,9.167312264686114903e-13,9.167312264686114903e-13
nan,nan,nan,nan,4.595929023953511855e-09,3.128191884117915844e-09,inf,inf,nan,nan,2.853362895482253153e-10,3.263599045630046067e-10,0.000000000000000000e+00,0.000000000000000000e+00,9.167418753949046894e-13,9.167418753949046894e-13
nan,nan,nan,nan,3.898672642846452476e-09,4.268683370653641953e-09,4.133586888892342287e+257,inf,nan,nan,3.125550567851881621e-10,3.260906738067737850e-10,0.000000000000000000e+00,0.000000000000000000e+00,9.167426456992673712e-13,9.167426456992673712e-13
nan,nan,nan,nan,2.598769849366985215e-09,3.516362185278843988e-09,inf,inf,nan,nan,2.850949036313995641e-10,3.316103042049707290e-10,0.000000000000000000e+00,0.000000000000000000e+00,9.167469245395733667e-13,9.167469245395733667e-13
nan,nan,nan,nan,4.642421971847708561e-09,4.504946293244544046e-09,inf,inf,nan,nan,2.624766026545523591e-10,3.310148455690502183e-10,0.000000000000000000e+00,0.000000000000000000e+00,9.167594838891695517e-13,9.167594838891695517e-13
nan,nan,nan,nan,1.403046589348108077e-08,1.551597217257877328e-08,inf,inf,nan,nan,2.743392777319999596e-10,3.367875126852944184e-10,0.000000000000000000e+00,0.000000000000000000e+00,9.167870910174770169e-13,9.167870910174770169e-13
nan,nan,nan,nan,2.542818240332260224e-08,2.355103267032580121e-08,inf,inf,nan,nan,3.180850487111996750e-10,3.376183201883300319e-10,0.000000000000000000e+00,0.000000000000000000e+00,9.167644000448692358e-13,9.167644000448692358e-13
nan,nan,nan,nan,1.690292947345890576e-08,1.749610888003349446e-08,inf,inf,nan,nan,2.967959180885857520e-10,3.252093371643513066e-10,0.000000000000000000e+00,0.000000000000000000e+00,9.167098488292714001e-13,9.167098488292714001e-13
nan,nan,nan,nan,4.244542532048498773e-08,4.365287653012851446e-08,5.611290687019559454e+149,inf,nan,nan,2.377153255355186836e-10,3.045041565216359434e-10,0.000000000000000000e+00,0.000000000000000000e+00,9.166997909163161106e-13,9.166997909163161106e-13
nan,nan,nan,nan,3.102660218099224921e-08,3.287167035710226020e-08,inf,inf,nan,nan,2.879930332330543556e-10,3.063320048842136919e-10,0.000000000000000000e+00,0.000000000000000000e+00,9.165522722892928505e-13,9.165522722892928505e-13
nan,nan,nan,nan,2.363867005611608476e-09,3.620684017685319177e-09,inf,inf,nan,nan,2.812495850953611527e-10,3.193751771421833397e-10,0.000000000000000000e+00,0.000000000000000000e+00,9.165512641001216120e-13,9.165512641001216120e-13
nan,nan,nan,nan,3.984101188036383707e-09,3.665085449907738760e-09,7.954476984086879219e+184,inf,nan,nan,2.639141149884065470e-10,3.166613178728457639e-10,0.000000000000000000e+00,0.000000000000000000e+00,9.165544627563776419e-13,9.165544627563776419e-13
nan,nan,nan,nan,1.633814618164109927e-09,2.524327313804802432e-09,inf,inf,nan,nan,2.573356467117853439e-10,3.196340204018309835e-10,0.000000000000000000e+00,0.000000000000000000e+00,9.165745666022978502e-13,9.165745666022978502e-13
nan,nan,nan,nan,3.306651519489897672e-09,3.710704643029936122e-09,9.255420903873807826e+231,inf,nan,nan,2.936216025259109358e-10,3.227203993013203669e-10,0.000000000000000000e+00,0.000000000000000000e+00,9.165989251647215659e-13,9.165989251647215659e-13
nan,nan,nan,nan,2.099749734284382964e-09,2.268822658635997253e-09,7.238520797492762541e+183,inf,nan,nan,2.993954844652996657e-10,3.204603146111816384e-10,0.000000000000000000e+00,0.000000000000000000e+00,9.165956053851812965e-13,9.165956053851812965e-13
nan,nan,nan,nan,3.933474138530673598e-09,4.519212618894475839e-09,inf,inf,nan,nan,2.893327714694879161e-10,3.197066913808993107e-10,0.000000000000000000e+00,0.000000000000000000e+00,9.166229719346585689e-13,9.166229719346585689e-13
nan,nan,nan,nan,2.682525096099229157e-09,3.656344534678280352e-09,inf,inf,nan,nan,2.720302863024288773e-10,3.156078009059963776e-10,0.000000000000000000e+00,0.000000000000000000e+00,9.166079344399013543e-13,9.166079344399013543e-13
nan,nan,nan,nan,3.621677923672720060e-09,3.765182920290549878e-09,8.419286463485087502e+38,inf,nan,nan,3.194139199250039539e-10,3.166400635681366952e-10,0.000000000000000000e+00,0.000000000000000000e+00,9.166020342852517265e-13,9.166020342852517265e-13
nan,nan,nan,nan,2.683658209923626893e-08,2.750411734545344097e-08,1.233021653723636306e+78,inf,nan,nan,2.914686494417584604e-10,3.074407297894390764e-10,0.000000000000000000e+00,0.000000000000000000e+00,9.166262937616388756e-13,9.166262937616388756e-13
nan,nan,nan,nan,6.029831590896935410e-09,6.697106960388953093e-09,inf,inf,nan,nan,2.707686247023166842e-10,3.240005118343508307e-10,0.000000000000000000e+00,0.000000000000000000e+00,9.166147323758214639e-13,9.166147323758214639e-13
nan,nan,nan,nan,4.457515975870795456e-09,4.901693830896484448e-09,inf,inf,nan,nan,2.800387185091413442e-10,3.169777673127985399e-10,0.000000000000000000e+00,0.000000000000000000e+00,9.166065275914911071e-13,9.166065275914911071e-13
nan,nan,nan,nan,1.222801100832614667e-09,2.254019067694300870e-09,inf,inf,nan,nan,3.053054104794987942e-10,3.194616627660415650e-10,0.000000000000000000e+00,0.000000000000000000e+00,9.166394048097584754e-13,9.166394048097584754e-13
nan,nan,nan,nan,3.172451835339301779e-09,3.050488086991770191e-09,1.271024151804449779e+300,inf,nan,nan,2.749515451216720881e-10,3.166383239306319553e-10,0.000000000000000000e+00,0.000000000000000000e+00,9.166409896400798071e-13,9.166409896400798071e-13
nan,nan,nan,nan,3.054122172153382895e-09,3.925172921903664965e-09,5.384201607074625081e+90,inf,nan,nan,3.017918636252652516e-10,3.179771992142248010e-10,0.000000000000000000e+00,0.000000000000000000e+00,9.166364579272239983e-13,9.166364579272239983e-13
nan,nan,nan,nan,2.171114827299256718e-09,2.502800588417603926e-09,4.103477822346242731e+276,inf,nan,nan,2.581028627668904455e-10,3.190945782117298280e-10,0.000000000000000000e+00,0.000000000000000000e+00,9.166567667548807587e-13,9.166567667548807587e-13
nan,nan,nan,nan,3.860855249081581675e-08,3.308753463129292294e-08,inf,inf,nan,nan,3.169984179832072467e-10,3.286147817310303308e-10,0.000000000000000000e+00,0.000000000000000000e+00,9.166333890025324251e-13,9.166333890025324251e-13
nan,nan,nan,nan,3.795494786416252536e-08,3.691685899644552254e-08,inf,inf,nan,nan,2.667679377204935889e-10,3.264835454727544167e-10,0.000000000000000000e+00,0.000000000000000000e+00,9.166458366673085764e-13,9.166458366673085764e-13
nan,nan,nan,nan,5.867903250438375448e-07,5.301913130301984814e-07,2.797547510076598562e+51,inf,nan,nan,3.709437354526033024e-10,4.031124055273747672e-10,0.000000000000000000e+00,0.000000000000000000e+00,9.163776147824037739e-13,9.163776147824037739e-13
nan,nan,nan,nan,2.130862314457367656e-07,2.288786600067775127e-07,3.540601006960235433e+168,inf,nan,nan,2.924972935668983899e-10,3.004774381519664816e-10,0.000000000000000000e+00,0.000000000000000000e+00,9.160875449819477764e-13,9.160875449819477764e-13
nan,nan,nan,nan,6.393240666592811486e-08,6.522945703306762171e-08,6.780144933729854566e+95,inf,nan,nan,2.601162818944106419e-10,2.915873801902084607e-10,0.000000000000000000e+00,0.000000000000000000e+00,9.160154574914352996e-13,9.160154574914352996e-13
nan,nan,nan,nan,6.577806687975847180e-08,8.520226306822893934e-08,inf,inf,nan,nan,2.760167935376254678e-10,3.402936143477094554e-10,0.000000000000000000e+00,0.000000000000000000e+00,9.159620176683294978e-13,9.159620176683294978e-13
nan,nan,nan,nan,1.321755029032092826e-07,1.040321453609160252e-07,9.644512685492973312e+271,inf,nan,nan,2.915877772573604722e-10,2.920910969887327430e-10,0.000000000000000000e+00,0.000000000000000000e+00,9.158178581369560969e-13,9.158178581369560969e-13
nan,nan,nan,nan,3.810442908363418302e-08,4.785748592279626127e-08,inf,inf,nan,nan,2.830196537124623412e-10,3.033076334704369831e-10,0.000000000000000000e+00,0.000000000000000000e+00,9.157366987277576529e-13,9.157366987277576529e-13
nan,nan,nan,nan,2.493192029037498653e-08,2.384612933486605699e-08,inf,inf,nan,nan,2.717430940022365147e-10,2.803077724507600992e-10,0.000000000000000000e+00,0.000000000000000000e+00,9.157411327379191375e-13,9.157411327379191375e-13
nan,nan,nan,nan,4.869433987975812937e-09,6.343057115559473414e-09,inf,inf,nan,nan,2.190972997073923710e-10,2.916707935790140452e-10,0.000000000000000000e+00,0.000000000000000000e+00,9.156696767897495364e-13,9.156696767897495364e-13
nan,nan,nan,nan,4.736487931166136615e-09,4.961793767384372317e-09,9.940347042348286227e+147,inf,nan,nan,2.760915053062247018e-10,2.901620665846022464e-10,0.000000000000000000e+00,0.000000000000000000e+00,9.157606391438969582e-13,9.157606391438969582e-13
nan,nan,nan,nan,4.666159494464100151e-09,4.956485056382268133e-09,inf,inf,nan,nan,2.504647366001458756e-10,2.891304397270942552e-10,0.000000000000000000e+00,0.000000000000000000e+00,9.157225855245068431e-13,9.157225855245068431e-13
nan,nan,nan,nan,4.230905769303993894e-09,4.480048602799357886e-09,3.574549552049458496e+132,inf,nan,nan,2.984406974161572940e-10,2.872891947085046844e-10,0.000000000000000000e+00,0.000000000000000000e+00,9.157421222132530616e-13,9.157421222132530616e-13
nan,nan,nan,nan,2.092906749127260100e-09,2.573434270854176139e-09,inf,inf,nan,nan,2.662691523411782726e-10,2.890694786314114013e-10,0.000000000000000000e+00,0.000000000000000000e+00,9.157304033316950949e-13,9.157304033316950949e-13
nan,nan,nan,nan,1.923634810392039798e-09,2.614713768201332570e-09,inf,inf,nan,nan,2.618815477891656398e-10,2.905538839582048260e-10,0.000000000000000000e+00,0.000000000000000000e+00,9.157552665398269425e-13,9.157552665398269425e-13
nan,nan,nan,nan,5.453838138038508520e-09,5.656749659341540314e-09,inf,inf,nan,nan,2.505283179243043255e-10,2.833421201599605584e-10,0.000000000000000000e+00,0.000000000000000000e+00,9.157715314825566189e-13,9.157715314825566189e-13
nan,nan,nan,nan,3.514755005768241047e-09,3.907164256699246538e-09,inf,inf,nan,nan,2.438832941201927975e-10,2.888925710689796654e-10,0.000000000000000000e+00,0.000000000000000000e+00,9.157753399445251982e-13,9.157753399445251982e-13
nan,nan,nan,nan,1.062052860786082630e-08,1.185795293047998520e-08,inf,inf,nan,nan,2.271858175267305729e-10,2.800581915044508842e-10,0.000000000000000000e+00,0.000000000000000000e+00,9.157750942902878367e-13,9.157750942902878367e-13
nan,nan,nan,nan,1.386156993678892444e-08,1.162388440543179889e-08,inf,inf,nan,nan,2.874779508424285414e-10,2.931856970608497729e-10,0.000000000000000000e+00,0.000000000000000000e+00,9.158233533653725531e-13,9.158233533653725531e-13
nan,nan,nan,nan,6.016939576329996799e-09,6.212589719569389152e-09,3.676764295309503634e+135,inf,nan,nan,2.344408959154166664e-10,2.843160199740574027e-10,0.000000000000000000e+00,0.000000000000000000e+00,9.158166301546570692e-13,9.158166301546570692e-13
nan,nan,nan,nan,3.466201058487471764e-09,3.802063233187088556e-09,inf,inf,nan,nan,2.784826932818271309e-10,2.899746555373904350e-10,0.000000000000000000e+00,0.000000000000000000e+00,9.157775050764451152e-13,9.157775050764451152e-13
nan,nan,nan,nan,1.213119005013877255e-08,1.146040131266837556e-08,inf,inf,nan,nan,2.753479110303355827e-10,2.963799410982690050e-10,0.000000000000000000e+00,0.000000000000000000e+00,9.157908686800066818e-13,9.157908686800066818e-13
nan,nan,nan,nan,1.451005537015110655e-08,1.489429510138416334e-08,4.922533003189581572e+174,inf,nan,nan,2.716707511556038187e-10,2.777428112395720454e-10,0.000000000000000000e+00,0.000000000000000000e+00,9.157955290514987699e-13,9.157955290514987699e-13
nan,nan,nan,nan,4.000765025784448975e-09,4.771759184330019335e-09,3.482908426488186908e+176,inf,nan,nan,2.947389140168377151e-10,2.827369517850413456e-10,0.000000000000000000e+00,0.000000000000000000e+00,9.157958949975324013e-13,9.157958949975324013e-13
nan,nan,nan,nan,9.500644545535277946e-09,1.082860909581474902e-08,1.989414454766842067e+106,inf,nan,nan,2.764938566669730950e-10,2.820537149401555799e-10,0.000000000000000000e+00,0.000000000000000000e+00,9.157846877877203583e-13,9.157846877877203583e-13
nan,nan,nan,nan,7.888889313486115952e-09,8.771985756528974946e-09,2.790890862727607399e+194,inf,nan,nan,2.279584992422374642e-10,2.944132501381914005e-10,0.000000000000000000e+00,0.000000000000000000e+00,9.158186405568314643e-13,9.158186405568314643e-13
nan,nan,nan,nan,5.058259234973075135e-09,5.230439207675689046e-09,1.428691908305154435e+232,inf,nan,nan,2.911194782144270263e-10,2.894188361841084267e-10,0.000000000000000000e+00,0.000000000000000000e+00,9.158006257796425192e-13,9.158006257796425192e-13
nan,nan,nan,nan,1.698247401453286028e-09,2.455825749239022040e-09,2.003456328822822387e+145,inf,nan,nan,2.735902660108392396e-10,2.854700563917809438e-10,0.000000000000000000e+00,0.000000000000000000e+00,9.158146299809869621e-13,9.158146299809869621e-13
nan,nan,nan,nan,2.504061443959157664e-09,2.096254644362518357e-09,inf,inf,nan,nan,2.686502602250376061e-10,2.893488789320424795e-10,0.000000000000000000e+00,0.000000000000000000e+00,9.158290904586530159e-13,9.158290904586530159e-13
nan,nan,nan,nan,3.449023907815301016e-08,3.951732414820853758e-08,3.975128316538275385e+120,inf,nan,nan,2.486525423791943231e-10,2.753396164976836980e-10,0.000000000000000000e+00,0.000000000000000000e+00,9.158249843789975471e-13,9.158249843789975471e-13
nan,nan,nan,nan,1.872150386913449081e-06,1.606212519127458937e-06,inf,inf,nan,nan,3.279157473605776425e-10,3.183082147017384920e-10,0.000000000000000000e+00,0.000000000000000000e+00,9.157547101569316550e-13,9.157547101569316550e-13
nan,nan,nan,nan,9.362615932167728065e-08,9.527651267728213491e-08,2.089761220261491526e+181,inf,nan,nan,2.541840016027346893e-10,2.756174358440402334e-10,0.000000000000000000e+00,0.000000000000000000e+00,9.153641089504355137e-13,9.153641089504355137e-13
nan,nan,nan,nan,5.247855844134581010e-08,5.795488586954207182e-08,6.013015584026165613e+204,inf,nan,nan,2.478593893091459201e-10,2.646427427640786448e-10,0.000000000000000000e+00,0.000000000000000000e+00,9.151485904904856976e-13,9.151485904904856976e-13
nan,nan,nan,nan,1.385230322206917338e-08,1.447816149421075401e-08,4.695079881274020377e+38,inf,nan,nan,2.373634691670658759e-10,2.695379081242463422e-10,0.000000000000000000e+00,0.000000000000000000e+00,9.151717269444659597e-13,9.151717269444659597e-13
nan,nan,nan,nan,7.272586274261774452e-09,7.159349833613638556e-09,inf,inf,nan,nan,2.567008184677233288e-10,2.671937882260931987e-10,0.000000000000000000e+00,0.000000000000000000e+00,9.151699564066281455e-13,9.151699564066281455e-13
nan,nan,nan,nan,3.172291677338178336e-08,3.062862915759685247e-08,1.359751261162194309e+82,inf,nan,nan,2.487127012650370322e-10,2.706642640622978202e-10,0.000000000000000000e+00,0.000000000000000000e+00,9.151637090676223609e-13,9.151637090676223609e-13
nan,nan,nan,nan,8.289504210741258780e-08,6.383878443562756650e-08,inf,inf,nan,nan,2.781335488319481259e-10,2.830609011257251711e-10,0.000000000000000000e+00,0.000000000000000000e+00,9.151457424206762865e-13,9.151457424206762865e-13
nan,nan,nan,nan,1.076793271921109528e-08,1.045199777555945079e-08,inf,inf,nan,nan,2.122361649033504707e-10,2.664458411523845741e-10,0.000000000000000000e+00,0.000000000000000000e+00,9.151634149146527549e-13,9.151634149146527549e-13
nan,nan,nan,nan,5.301753012324360757e-09,5.904641581860090969e-09,4.214416670497316522e+243,inf,nan,nan,2.575766081150844599e-10,2.685698426283547587e-10,0.000000000000000000e+00,0.000000000000000000e+00,9.151575731481359980e-13,9.151575731481359980e-13
nan,nan,nan,nan,4.913780974858338148e-09,4.838029340783692055e-09,inf,inf,nan,nan,2.800417278857624402e-10,2.647546709783550665e-10,0.000000000000000000e+00,0.000000000000000000e+00,9.151762088447076328e-13,9.151762088447076328e-13
nan,nan,nan,nan,4.158697571400982002e-09,5.178435450479679509e-09,inf,inf,nan,nan,2.663824900506633050e-10,2.719908773276196333e-10,0.000000000000000000e+00,0.000000000000000000e+00,9.151870309376413372e-13,9.151870309376413372e-13
nan,nan,nan,nan,5.108241575881941435e-09,5.437733019537144687e-09,6.755187977683340707e+258,inf,nan,nan,2.264000158255076951e-10,2.684555311415375383e-10,0.000000000000000000e+00,0.000000000000000000e+00,9.151650035916910913e-13,9.151650035916910913e-13
nan,nan,nan,nan,8.477147690193963598e-09,9.276636948811002512e-09,1.272206567836163680e+248,inf,nan,nan,2.749749532027667749e-10,2.611970039531451710e-10,0.000000000000000000e+00,0.000000000000000000e+00,9.151960320582795649e-13,9.151960320582795649e-13
nan,nan,nan,nan,1.599774946087053002e-09,1.892050685434969148e-09,6.220377697369878916e+141,inf,nan,nan,2.301898222273172677e-10,2.677689088223705181e-10,0.000000000000000000e+00,0.000000000000000000e+00,9.151720035243174747e-13,9.151720035243174747e-13
nan,nan,nan,nan,2.222478076075793228e-09,2.486448699593433936e-09,3.481750414248031249e+59,inf,nan,nan,2.678169785757788783e-10,2.666126295391439767e-10,0.000000000000000000e+00,0.000000000000000000e+00,9.151977721989878285e-13,9.151977721989878285e-13
nan,nan,nan,nan,2.032209306164366791e-08,1.831866193713522792e-08,2.578021205507819969e+33,inf,nan,nan,2.460727230158751063e-10,2.757769235281398971e-10,0.000000000000000000e+00,0.000000000000000000e+00,9.152271939922677158e-13,9.152271939922677158e-13
nan,nan,nan,nan,5.780315036912303500e-09,6.171903662260904981e-09,inf,inf,nan,nan,2.511217785410299261e-10,2.602369164960677883e-10,0.000000000000000000e+00,0.000000000000000000e+00,9.151816761181624982e-13,9.151816761181624982e-13
nan,nan,nan,nan,8.730646882075397971e-08,6.756937794540845769e-08,inf,inf,nan,nan,2.636540383468205782e-10,3.007755397115725165e-10,0.000000000000000000e+00,0.000000000000000000e+00,9.152015920594800053e-13,9.152015920594800053e-13
nan,nan,nan,nan,2.169409071522776678e-07,1.655316581291138473e-07,inf,inf,nan,nan,3.036964831952496902e-10,3.060430188560484739e-10,0.000000000000000000e+00,0.000000000000000000e+00,9.150504391549332173e-13,9.150504391549332173e-13
nan,nan,nan,nan,1.860593330101776060e-07,1.828747236576460971e-07,inf,inf,nan,nan,3.033248546889823228e-10,3.199893644912221045e-10,0.000000000000000000e+00,0.000000000000000000e+00,9.149718772202740945e-13,9.149718772202740945e-13
nan,nan,nan,nan,3.365276343561123479e-07,2.939296829950128293e-07,1.667698724602120923e+83,inf,nan,nan,2.622547950175385631e-10,2.846634429582956016e-10,0.000000000000000000e+00,0.000000000000000000e+00,9.145779150049132575e-13,9.145779150049132575e-13
nan,nan,nan,nan,9.093821359712377259e-08,8.953615334497792537e-08,9.750361416257669331e+151,inf,nan,nan,2.975480911756832222e-10,2.947680616284546505e-10,0.000000000000000000e+00,0.000000000000000000e+00,9.147401551771377459e-13,9.147401551771377459e-13
nan,nan,nan,nan,2.141870647846959261e-08,2.288499531251430591e-08,inf,inf,nan,nan,2.362557407855049430e-10,2.677709208130373857e-10,0.000000000000000000e+00,0.000000000000000000e+00,9.144906260440598882e-13,9.144906260440598882e-13
nan,nan,nan,nan,1.270147802418342514e-08,1.324911185176699028e-08,4.819829825213349047e+108,inf,nan,nan,2.379315256987266956e-10,2.533294263969437204e-10,0.000000000000000000e+00,0.000000000000000000e+00,9.144916904331673450e-13,9.144916904331673450e-13
nan,nan,nan,nan,7.120397397688842002e-09,6.738481643740092533e-09,2.807513394915500650e+128,inf,nan,nan,2.670892863831652270e-10,2.544306581864900137e-10,0.000000000000000000e+00,0.000000000000000000e+00,9.145474256270405713e-13,9.145474256270405713e-13
nan,nan,nan,nan,1.447568689705245389e-08,1.419798671838525863e-08,inf,inf,nan,nan,2.427649826067797768e-10,2.570955368811564007e-10,0.000000000000000000e+00,0.000000000000000000e+00,9.145028437532944009e-13,9.145028437532944009e-13
nan,nan,nan,nan,3.692434699421821107e-09,4.085870095623965688e-09,4.031972662043672836e+143,inf,nan,nan,2.471649808294788903e-10,2.560005953372281545e-10,0.000000000000000000e+00,0.000000000000000000e+00,9.144866332403180743e-13,9.144866332403180743e-13
nan,nan,nan,nan,1.872256189700409751e-09,2.656919195092893411e-09,inf,inf,nan,nan,2.385907400832233531e-10,2.528822361704074602e-10,0.000000000000000000e+00,0.000000000000000000e+00,9.145253793222902178e-13,9.145253793222902178e-13
nan,nan,nan,nan,2.141329365079141386e-09,2.650072235545676843e-09,inf,inf,nan,nan,1.914345809622060206e-10,2.542098705198876513e-10,0.000000000000000000e+00,0.000000000000000000e+00,9.145194140669196808e-13,9.145194140669196808e-13
nan,nan,nan,nan,4.283102727579791317e-09,4.312280171140983628e-09,6.624491848130729771e+58,inf,nan,nan,2.101152121686293976e-10,2.527801189262601080e-10,0.000000000000000000e+00,0.000000000000000000e+00,9.145401795067907341e-13,9.145401795067907341e-13
nan,nan,nan,nan,5.687410635791568196e-08,6.018223469409421783e-08,3.927885087934216897e+61,inf,nan,nan,2.171940082232148582e-10,2.444253692614061972e-10,0.000000000000000000e+00,0.000000000000000000e+00,9.145231966346520833e-13,9.145231966346520833e-13
nan,nan,nan,nan,3.991987050399929141e-07,4.145659870775362185e-07,inf,inf,nan,nan,3.432410332527214265e-10,3.566644174460411152e-10,0.000000000000000000e+00,0.000000000000000000e+00,9.145415116836909998e-13,9.145415116836909998e-13
nan,nan,nan,nan,5.311959642111520681e-08,5.133236945798540855e-08,3.530639626927988585e+167,inf,nan,nan,2.816903134435912731e-10,2.693986150610785545e-10,0.000000000000000000e+00,0.000000000000000000e+00,9.142292557509475656e-13,9.142292557509475656e-13
nan,nan,nan,nan,2.764203721707828086e-08,3.085811714316738646e-08,inf,inf,nan,nan,2.214549597829788157e-10,2.379645340550086658e-10,0.000000000000000000e+00,0.000000000000000000e+00,9.142038686771169202e-13,9.142038686771169202e-13
nan,nan,nan,nan,6.926786895736362536e-09,8.263988219112519212e-09,inf,inf,nan,nan,2.574032597296300253e-10,2.453390936539234612e-10,0.000000000000000000e+00,0.000000000000000000e+00,9.141936949038170677e-13,9.141936949038170677e-13
nan,nan,nan,nan,2.863913570562622226e-08,2.654991976717089266e-08,9.154023854544047237e+287,inf,nan,nan,2.405835032193862612e-10,2.603714943545159083e-10,0.000000000000000000e+00,0.000000000000000000e+00,9.141887220506746379e-13,9.141887220506746379e-13
nan,nan,nan,nan,5.358601647937176774e-09,6.012890235457077484e-09,inf,inf,nan,nan,1.950505390512046210e-10,2.407547941610936672e-10,0.000000000000000000e+00,0.000000000000000000e+00,9.142017255109420209e-13,9.142017255109420209e-13
nan,nan,nan,nan,1.436535142176000495e-09,2.529285537942817579e-09,inf,inf,nan,nan,2.263038746848675843e-10,2.435707026396549647e-10,0.000000000000000000e+00,0.000000000000000000e+00,9.141605417931648411e-13,9.141605417931648411e-13
nan,nan,nan,nan,6.674508643862193219e-09,6.421159130407926430e-09,7.995265366254378848e+145,inf,nan,nan,2.161343370326453521e-10,2.399398665046181861e-10,0.000000000000000000e+00,0.000000000000000000e+00,9.141958047413367490e-13,9.141958047413367490e-13
nan,nan,nan,nan,6.045985319267743287e-09,6.453692079553155414e-09,1.135491582521174335e+101,inf,nan,nan,2.115461258468043237e-10,2.478400556076332101e-10,0.000000000000000000e+00,0.000000000000000000e+00,9.142160755137800055e-13,9.142160755137800055e-13
nan,nan,nan,nan,3.593348830669731915e-09,4.274141792142794626e-09,6.435473880744632031e+184,inf,nan,nan,2.566781517767226063e-10,2.461467334189630695e-10,0.000000000000000000e+00,0.000000000000000000e+00,9.142029950126770623e-13,9.142029950126770623e-13
nan,nan,nan,nan,2.606740881001470698e-09,3.174740585244302169e-09,1.670794418893521495e+284,inf,nan,nan,2.198802919989146694e-10,2.427836082958779841e-10,0.000000000000000000e+00,0.000000000000000000e+00,9.142242099295357662e-13,9.142242099295357662e-13
nan,nan,nan,nan,2.648869994453080352e-08,2.158169502720917618e-08,9.595065787130209965e+111,inf,nan,nan,2.529501397152739314e-10,2.390259346124450872e-10,0.000000000000000000e+00,0.000000000000000000e+00,9.142406845706880332e-13,9.142406845706880332e-13
nan,nan,nan,nan,3.655509507278573234e-08,3.581050523524087521e-08,8.416306283648972366e+245,inf,nan,nan,2.724665247966448529e-10,2.585871030545898592e-10,0.000000000000000000e+00,0.000000000000000000e+00,9.142167129559692133e-13,9.142167129559692133e-13
nan,nan,nan,nan,3.204190711107576161e-09,4.371655163478953869e-09,4.954935154237112737e+69,inf,nan,nan,2.145131242018689159e-10,2.441701339662337459e-10,0.000000000000000000e+00,0.000000000000000000e+00,9.142135811675544141e-13,9.142135811675544141e-13
nan,nan,nan,nan,2.929049487713956029e-09,3.387019832885566236e-09,1.714034973023874565e+47,inf,nan,nan,2.307590677817124047e-10,2.439080974415872368e-10,0.000000000000000000e+00,0.000000000000000000e+00,9.141940895979916596e-13,9.141940895979916596e-13
nan,nan,nan,nan,1.197979403140526903e-09,1.863217084500257018e-09,inf,inf,nan,nan,2.297190547399736418e-10,2.458767928200979218e-10,0.000000000000000000e+00,0.000000000000000000e+00,9.142079271902908703e-13,9.142079271902908703e-13
nan,nan,nan,nan,3.057659123920184052e-09,3.784260037265209055e-09,1.894422879048294033e+51,inf,nan,nan,2.318956930339580747e-10,2.428636245421659167e-10,0.000000000000000000e+00,0.000000000000000000e+00,9.142370711973865830e-13,9.142370711973865830e-13
nan,nan,nan,nan,4.663233900899436739e-09,6.045698554018822959e-09,5.837572276045883255e+176,inf,nan,nan,2.328531930605868478e-10,2.420900128564530560e-10,0.000000000000000000e+00,0.000000000000000000e+00,9.142149185438072702e-13,9.142149185438072702e-13
nan,nan,nan,nan,1.538270759394081493e-08,1.660175908218839234e-08,1.520497481349357200e+229,inf,nan,nan,2.157573016370905780e-10,2.437705017222726304e-10,0.000000000000000000e+00,0.000000000000000000e+00,9.142235048716886157e-13,9.142235048716886157e-13
nan,nan,nan,nan,1.431378742628433105e-07,1.216369696994788674e-07,1.506443567187860545e+108,inf,nan,nan,2.596195758629510537e-10,2.784666543058221818e-10,0.000000000000000000e+00,0.000000000000000000e+00,9.141732048780924433e-13,9.141732048780924433e-13
nan,nan,nan,nan,2.082842222630068788e-07,2.077986528356640198e-07,inf,inf,nan,nan,2.548822213350970302e-10,3.079703688715862299e-10,0.000000000000000000e+00,0.000000000000000000e+00,9.140788339062675968e-13,9.140788339062675968e-13
nan,nan,nan,nan,9.190755031712814316e-08,1.038217530502063614e-07,5.000566429643988214e+191,inf,nan,nan,2.496261990329737761e-10,2.592576150832851627e-10,0.000000000000000000e+00,0.000000000000000000e+00,9.139525572770019017e-13,9.139525572770019017e-13
nan,nan,nan,nan,2.330945401903174335e-07,2.422520900794524315e-07,inf,inf,nan,nan,2.490970977343147213e-10,2.930889862935354727e-10,0.000000000000000000e+00,0.000000000000000000e+00,9.136969759896835406e-13,9.136969759896835406e-13
nan,nan,nan,nan,4.220627939387483404e-08,4.378683638786755111e-08,1.612801610425203252e+57,inf,nan,nan,1.862255986574888184e-10,2.365662152991416836e-10,0.000000000000000000e+00,0.000000000000000000e+00,9.134942866789713709e-13,9.134942866789713709e-13
nan,nan,nan,nan,1.129101133019865549e-08,1.281299691809905193e-08,inf,inf,nan,nan,1.943956647952507946e-10,2.288132585427012991e-10,0.000000000000000000e+00,0.000000000000000000e+00,9.135255927849374336e-13,9.135255927849374336e-13
